dt,sku_id,year,month,day,weekday,quarter,is_weekend,is_month_start,is_promotion_period,is_double_12,is_before_promotion,is_after_promotion,discount_price_change,discount_price_change_pct,discount_price_change_abs,discount_price_mean_7,discount_price_std_7,discount_price_min_7,discount_price_max_7,discount_price_trend_7,discount_price_lag_1,discount_price_lag_3,discount_price_lag_7,discount_price_lag_14,discount_price_lag_30,discount_price_change_lag_1,discount_price_change_lag_3,discount_price_change_lag_7,discount_price_change_lag_14,discount_price_change_lag_30,discount_price_promo_interaction,promo_freq_7,promo_freq_30,trend,yearly,weekly,yhat,yhat_lower,yhat_upper,yhat_diff
2025-05-01,206942,2025,5,1,3,2,0,1,1,0,0,0,0,0,0,13.072380952380952,1.1539108302124705,11.086666666666666,13.8,0,13.8,13.8,13.8,13.8,13.8,0,0,0,0,0,0,0,0,12.053595453245876,-0.0310438891813488,-0.015064343157004,0,0,0,0
2025-05-01,231023,2025,5,1,3,2,0,1,1,0,0,0,0,0,0,16.785714285714285,0.1807015805810496,16.5,16.9,0,16.9,16.9,16.5,16.5,16.5,0,0,0,0,0,0,0,0,16.75260394651624,-0.0223942210001939,0.0187802951376336,0,0,0,0
2025-05-01,231028,2025,5,1,3,2,0,1,1,0,0,0,0,0,0,23.871428571428574,0.0451753951452616,23.8,23.9,0,23.8,23.9,23.9,23.9,23.9,0,0,0,0,0,0,0,0,22.37354424504325,1.0419090584668604,-0.2113164764363621,0,0,0,0
2025-05-01,231035,2025,5,1,3,2,0,1,1,0,0,0,0,0,0,16.368857142857145,1.3010289805239788,13.182,16.9,0,13.182,16.9,16.9,16.9,16.9,0,0,0,0,0,0,0,0,17.984790200472588,-0.5408161626621539,-0.197993476144159,0,0,0,0
2025-05-01,231478,2025,5,1,3,2,0,1,1,0,0,0,0,0,0,36.9,0.0,36.9,36.9,0,36.9,36.9,36.9,36.9,36.9,0,0,0,0,0,0,0,0,34.97167038534779,0.5971783872106093,0.8252213355685627,0,0,0,0
2025-05-01,290461,2025,5,1,3,2,0,1,1,0,0,0,0,0,0,24.900000000000002,3.552713678800501e-15,24.9,24.9,0,24.9,24.9,24.9,24.9,24.9,0,0,0,0,0,0,0,0,24.588695014110268,2.929033025976882,-0.164256815162086,0,0,0,0
2025-05-01,293418,2025,5,1,3,2,0,1,1,0,0,0,0,0,0,60.357142857142854,2.936400684442067,58.5,65.0,0,65.0,58.5,65.0,65.0,65.0,0,0,0,0,0,0,0,0,63.30719634079396,1.4226624848444225,0.190684082270084,0,0,0,0
2025-05-01,362424,2025,5,1,3,2,0,1,1,0,0,0,0,0,0,61.285714285714285,3.2166657854850573,58.5,65.0,0,65.0,58.5,65.0,65.0,65.0,0,0,0,0,0,0,0,0,63.4490348754557,1.1311181349135586,0.1124826872504161,0,0,0,0
2025-05-01,411164,2025,5,1,3,2,0,1,1,0,0,0,0,0,0,16.396394285714287,1.6368672308743322,14.27738,17.8,0,17.8,17.8,17.8,17.8,17.8,0,0,0,0,0,0,0,0,15.541620791125506,-0.5259017763492512,0.1801662332641291,0,0,0,0
2025-05-01,411166,2025,5,1,3,2,0,1,1,0,0,0,0,0,0,16.376258571428572,1.6630344799292869,14.206905,17.8,0,17.8,17.8,17.8,17.8,17.8,0,0,0,0,0,0,0,0,13.709565384699255,0.703508122724021,-0.0775701567485176,0,0,0,0
2025-05-01,528619,2025,5,1,3,2,0,1,1,0,0,0,0,0,0,108.42857142857143,5.691024082012024,103.5,115.0,0,115.0,103.5,115.0,115.0,115.0,0,0,0,0,0,0,0,0,109.0414408061271,3.092641361416102,0.461341845665495,0,0,0,0
2025-05-01,528625,2025,5,1,3,2,0,1,1,0,0,0,0,0,0,106.78571428571429,5.195170441705195,103.5,115.0,0,115.0,103.5,115.0,115.0,115.0,0,0,0,0,0,0,0,0,108.47246641171748,3.759473750645757,-0.2763741171938434,0,0,0,0
2025-05-01,845278,2025,5,1,3,2,0,1,1,0,0,0,0,0,0,6.2221198156682025,0.4719898591586379,5.20483870967742,6.5,0,6.5,6.5,6.5,6.5,6.5,0,0,0,0,0,0,0,0,6.1160442488868,0.0187082365455956,-0.0491402357852397,0,0,0,0
2025-05-01,845321,2025,5,1,3,2,0,1,1,0,0,0,0,0,0,15.91047619047619,1.355613173006935,13.453333333333337,16.8,0,16.7,16.8,16.7,16.7,16.7,0,0,0,0,0,0,0,0,15.726435190011625,0.0062959685702123,0.0299034845000325,0,0,0,0
2025-05-01,845323,2025,5,1,3,2,0,1,1,0,0,0,0,0,0,15.91047619047619,1.355613173006935,13.453333333333337,16.8,0,16.7,16.8,16.7,16.7,16.7,0,0,0,0,0,0,0,0,15.896536244765109,-0.6514122676280443,0.1455979597656266,0,0,0,0
2025-05-01,879386,2025,5,1,3,2,0,1,1,0,0,0,0,0,0,11.5,0.0,11.5,11.5,0,11.5,11.5,11.5,11.5,11.5,0,0,0,0,0,0,0,0,10.885130935930473,-0.0881105802035495,0.132810997262363,0,0,0,0
2025-05-01,879388,2025,5,1,3,2,0,1,1,0,0,0,0,0,0,10.900000000000002,1.7763568394002505e-15,10.9,10.9,0,10.9,10.9,10.9,10.9,10.9,0,0,0,0,0,0,0,0,12.22828687978734,0.3738245826724387,-0.4179126978092028,0,0,0,0
2025-05-01,909717,2025,5,1,3,2,0,1,1,0,0,0,0,0,0,12.900000000000002,1.7763568394002505e-15,12.9,12.9,0,12.9,12.9,12.9,12.9,12.9,0,0,0,0,0,0,0,0,12.826696613400369,0.0975741542332503,-0.0458969707934234,0,0,0,0
2025-05-01,909718,2025,5,1,3,2,0,1,1,0,0,0,0,0,0,12.900000000000002,1.7763568394002505e-15,12.9,12.9,0,12.9,12.9,12.9,12.9,12.9,0,0,0,0,0,0,0,0,12.905609153969484,0.0049387147138761,-0.0286833471322549,0,0,0,0
2025-05-01,1032832,2025,5,1,3,2,0,1,1,0,0,0,0,0,0,11.900000000000002,1.7763568394002505e-15,11.9,11.9,0,11.9,11.9,11.9,11.9,11.9,0,0,0,0,0,0,0,0,11.864342133312038,0.2659929525855964,0.1293845587632323,0,0,0,0
2025-05-01,1032833,2025,5,1,3,2,0,1,1,0,0,0,0,0,0,29.900000000000002,3.552713678800501e-15,29.9,29.9,0,29.9,29.9,29.9,29.9,29.9,0,0,0,0,0,0,0,0,29.597927552761213,-0.7595185805109775,-0.0936702686672346,0,0,0,0
2025-05-01,1032834,2025,5,1,3,2,0,1,1,0,0,0,0,0,0,36.9,0.0,36.9,36.9,0,36.9,36.9,36.9,36.9,36.9,0,0,0,0,0,0,0,0,33.6184790183703,0.5380669621695572,0.2361078659613146,0,0,0,0
2025-05-01,1032854,2025,5,1,3,2,0,1,1,0,0,0,0,0,0,21.72857142857143,0.2710523708715744,21.3,21.9,0,21.3,21.9,21.9,21.9,21.9,0,0,0,0,0,0,0,0,22.0149396054952,-0.5052462212644627,-0.1255033762635291,0,0,0,0
2025-05-01,1038234,2025,5,1,3,2,0,1,1,0,0,0,0,0,0,23.900000000000002,3.552713678800501e-15,23.9,23.9,0,23.9,23.9,23.9,23.9,23.9,0,0,0,0,0,0,0,0,24.71441239946635,-0.2067166599919055,-0.1769616840365955,0,0,0,0
2025-05-01,1039780,2025,5,1,3,2,0,1,1,0,0,0,0,0,0,17.900000000000002,3.552713678800501e-15,17.9,17.9,0,17.9,17.9,17.9,17.9,17.9,0,0,0,0,0,0,0,0,20.47540473527157,-1.885077942777853,-0.5336454306920954,0,0,0,0
2025-05-01,1039867,2025,5,1,3,2,0,1,1,0,0,0,0,0,0,76.72857142857143,0.19794866372216022,76.5,76.9,0,76.9,76.5,76.9,76.9,76.9,0,0,0,0,0,0,0,0,77.6419089451216,-1.4447812567276224,-0.1344070455964679,0,0,0,0
2025-05-01,1039868,2025,5,1,3,2,0,1,1,0,0,0,0,0,0,76.89999999999999,1.4210854715202004e-14,76.9,76.9,0,76.9,76.9,76.9,76.9,76.9,0,0,0,0,0,0,0,0,78.09338312591804,-2.081375186757153,0.0251914355216673,0,0,0,0
2025-05-01,1071847,2025,5,1,3,2,0,1,1,0,0,0,0,0,0,13.059523809523808,1.1726004591226693,11.086666666666666,13.8,0,13.8,13.8,13.8,13.8,13.8,0,0,0,0,0,0,0,0,13.040169026587716,-0.3358516613053241,-0.0156634955134507,0,0,0,0
2025-05-01,1184675,2025,5,1,3,2,0,1,1,0,0,0,0,0,0,39.9,0.0,39.9,39.9,0,39.9,39.9,39.9,39.9,39.9,0,0,0,0,0,0,0,0,46.2315065642378,0.3494591594577454,0.053940620056529,0,0,0,0
2025-05-01,1184678,2025,5,1,3,2,0,1,1,0,0,0,0,0,0,39.9,0.0,39.9,39.9,0,39.9,39.9,39.9,39.9,39.9,0,0,0,0,0,0,0,0,39.73565592470506,2.1973283801024714,-1.227067340296058,0,0,0,0
2025-05-01,1184681,2025,5,1,3,2,0,1,1,0,0,0,0,0,0,39.9,0.0,39.9,39.9,0,39.9,39.9,39.9,39.9,39.9,0,0,0,0,0,0,0,0,37.62310649102632,-0.9088191548439924,-1.3169977920031986,0,0,0,0
2025-05-01,1280273,2025,5,1,3,2,0,1,1,0,0,0,0,0,0,10.900000000000002,1.7763568394002505e-15,10.9,10.9,0,10.9,10.9,10.9,10.9,10.9,0,0,0,0,0,0,0,0,10.17066349228125,-0.158845333030094,-0.1084142218969379,0,0,0,0
2025-05-01,1529386,2025,5,1,3,2,0,1,1,0,0,0,0,0,0,10.1,0.0,10.1,10.1,0,10.1,10.1,10.1,10.1,10.1,0,0,0,0,0,0,0,0,9.16740979249106,-0.2371372654044006,-0.0227617919327334,0,0,0,0
2025-05-01,1540110,2025,5,1,3,2,0,1,1,0,0,0,0,0,0,12.299999999999999,1.7763568394002505e-15,12.3,12.3,0,12.3,12.3,12.3,12.3,12.3,0,0,0,0,0,0,0,0,10.969190620734844,-0.0199418945827027,0.0186150367674316,0,0,0,0
2025-05-01,1540172,2025,5,1,3,2,0,1,1,0,0,0,0,0,0,10.1,0.0,10.1,10.1,0,10.1,10.1,10.1,10.1,10.1,0,0,0,0,0,0,0,0,9.121454763384158,-0.1526460667573916,-0.0958454668442496,0,0,0,0
2025-05-01,1742027,2025,5,1,3,2,0,1,1,0,0,0,0,0,0,83.89999999999999,1.4210854715202004e-14,83.9,83.9,0,83.9,83.9,83.9,83.9,83.9,0,0,0,0,0,0,0,0,82.10836042163274,0.0653920850456537,-0.1617865099627639,0,0,0,0
2025-05-01,2461038,2025,5,1,3,2,0,1,1,0,0,0,0,0,0,23.5,0.0,23.5,23.5,0,23.5,23.5,23.5,23.5,23.5,0,0,0,0,0,0,0,0,25.113372159309677,-0.0959137265839843,-1.8699556200017449,0,0,0,0
2025-05-01,2461301,2025,5,1,3,2,0,1,1,0,0,0,0,0,0,30.900000000000002,3.552713678800501e-15,30.9,30.9,0,30.9,30.9,30.9,30.9,30.9,0,0,0,0,0,0,0,0,28.70809017871013,1.6787693745448045,-0.2480305875177962,0,0,0,0
2025-05-01,2646498,2025,5,1,3,2,0,1,1,0,0,0,0,0,0,139.9,0.0,139.9,139.9,0,139.9,139.9,139.9,139.9,139.9,0,0,0,0,0,0,0,0,136.70622537906374,2.534030302168395,0.9740575776194652,0,0,0,0
2025-05-01,2795972,2025,5,1,3,2,0,1,1,0,0,0,0,0,0,101.90285714285713,4.738898950738046,94.41,104.9,0,104.9,104.9,104.9,104.9,104.9,0,0,0,0,0,0,0,0,118.1332169876673,-0.0274817465439004,-0.9277345742105828,0,0,0,0
2025-05-01,3334330,2025,5,1,3,2,0,1,1,0,0,0,0,0,0,23.58709142857143,1.960906383395398,19.78964,24.8,0,24.8,24.8,24.8,24.8,24.8,0,0,0,0,0,0,0,0,24.624480998592983,-0.3716724575492013,-0.1890253989751145,0,0,0,0
2025-05-01,3674837,2025,5,1,3,2,0,1,1,0,0,0,0,0,0,30.900000000000002,3.552713678800501e-15,30.9,30.9,0,30.9,30.9,30.9,30.9,30.9,0,0,0,0,0,0,0,0,29.913671048765284,-1.6806684175067628,0.0607595058849387,0,0,0,0
2025-05-01,3674839,2025,5,1,3,2,0,1,1,0,0,0,0,0,0,39.9,0.0,39.9,39.9,0,39.9,39.9,39.9,39.9,39.9,0,0,0,0,0,0,0,0,44.22327031788151,3.485071560767521,-0.3412409489857942,0,0,0,0
2025-05-01,3895219,2025,5,1,3,2,0,1,1,0,0,0,0,0,0,60.89999999999999,7.105427357601002e-15,60.9,60.9,0,60.9,60.9,60.9,60.9,60.9,0,0,0,0,0,0,0,0,52.90424635368129,6.945926537029348,-0.5112733744064659,0,0,0,0
2025-05-01,3907301,2025,5,1,3,2,0,1,1,0,0,0,0,0,0,50.92285714285714,1.6236617723591353,50.26,54.9,0,50.26,50.26,54.9,54.9,54.9,0,0,0,0,0,0,0,0,63.15037677898272,-0.8835099169319547,0.913714350876989,0,0,0,0
2025-05-01,3919595,2025,5,1,3,2,0,1,1,0,0,0,0,0,0,89.89999999999999,1.4210854715202004e-14,89.9,89.9,0,89.9,89.9,89.9,89.9,89.9,0,0,0,0,0,0,0,0,80.58109908219947,5.668718019982154,-1.5077215194622595,0,0,0,0
2025-05-01,4131809,2025,5,1,3,2,0,1,1,0,0,0,0,0,0,10.364387142857142,0.8604372123638123,8.74071,10.9,0,10.9,10.9,10.9,10.9,10.9,0,0,0,0,0,0,0,0,9.828543215975213,0.2237627330720784,0.0224742291344773,0,0,0,0
2025-05-01,4486428,2025,5,1,3,2,0,1,1,0,0,0,0,0,0,59.800000000000004,7.105427357601002e-15,59.8,59.8,0,59.8,59.8,59.8,59.8,59.8,0,0,0,0,0,0,0,0,67.77210925667394,2.0657968122844954,-1.2186934629988078,0,0,0,0
2025-05-01,4486444,2025,5,1,3,2,0,1,1,0,0,0,0,0,0,60.89999999999999,7.105427357601002e-15,60.9,60.9,0,60.9,60.9,60.9,60.9,60.9,0,0,0,0,0,0,0,0,64.5075418576977,-3.3096416750954463,0.4759646889041377,0,0,0,0
2025-05-01,4486466,2025,5,1,3,2,0,1,1,0,0,0,0,0,0,59.89999999999999,7.105427357601002e-15,59.9,59.9,0,59.9,59.9,59.9,59.9,59.9,0,0,0,0,0,0,0,0,66.48425313719898,2.830709217401433,-1.0215455947503769,0,0,0,0
2025-05-01,4486478,2025,5,1,3,2,0,1,1,0,0,0,0,0,0,16.900000000000002,3.552713678800501e-15,16.9,16.9,0,16.9,16.9,16.9,16.9,16.9,0,0,0,0,0,0,0,0,16.905273522832893,-0.0574113473188606,0.0911809307080555,0,0,0,0
2025-05-01,4510086,2025,5,1,3,2,0,1,1,0,0,0,0,0,0,69.88571428571427,0.03499271061119125,69.8,69.9,0,69.9,69.9,69.9,69.9,69.9,0,0,0,0,0,0,0,0,73.67598635347639,-2.6297123050162816,-1.3159975669483597,0,0,0,0
2025-05-01,4535404,2025,5,1,3,2,0,1,1,0,0,0,0,0,0,72.89999999999999,1.4210854715202004e-14,72.9,72.9,0,72.9,72.9,72.9,72.9,72.9,0,0,0,0,0,0,0,0,78.85717980967192,6.294876056263187,-0.7470717210018883,0,0,0,0
2025-05-01,4713934,2025,5,1,3,2,0,1,1,0,0,0,0,0,0,77.77285714285713,2.7609248672227538,71.01,78.9,0,78.9,78.9,78.9,78.9,78.9,0,0,0,0,0,0,0,0,85.49102418371038,-3.8569483388728334,0.3491123903978173,0,0,0,0
2025-05-01,4961950,2025,5,1,3,2,0,1,1,0,0,0,0,0,0,10.055917142857142,0.9903704588358307,8.74071,10.9,0,10.9,10.9,10.9,10.9,10.9,0,0,0,0,0,0,0,0,10.384635693915728,0.1942249032159811,-0.0538611490758852,0,0,0,0
2025-05-01,5840803,2025,5,1,3,2,0,1,1,0,0,0,0,0,0,33.42666666666667,2.494078701931551,28.076666666666664,34.9,0,34.9,34.9,34.9,34.9,34.9,0,0,0,0,0,0,0,0,39.052507759467005,-2.4756620071815867,-1.128775677001049,0,0,0,0
2025-05-01,5840837,2025,5,1,3,2,0,1,1,0,0,0,0,0,0,31.496109999999998,2.3833687487671726,26.36277,32.9,0,32.9,32.9,32.9,32.9,32.9,0,0,0,0,0,0,0,0,38.67888945122401,-1.9663828719144003,0.2736594445328536,0,0,0,0
2025-05-01,5851301,2025,5,1,3,2,0,1,1,0,0,0,0,0,0,79.77142857142857,0.31493439550069624,79.0,79.9,0,79.9,79.9,79.0,79.0,79.0,0,0,0,0,0,0,0,0,80.43001726220987,1.7741247369332631,-1.0332006468100208,0,0,0,0
2025-05-01,5915642,2025,5,1,3,2,0,1,1,0,0,0,0,0,0,28.637551020408164,2.137178968685103,24.052857142857142,29.9,0,29.9,29.9,29.9,29.9,29.9,0,0,0,0,0,0,0,0,40.0994811906328,-4.748879611226205,0.7520188866272592,0,0,0,0
2025-05-01,5950572,2025,5,1,3,2,0,1,1,0,0,0,0,0,0,33.9,0.0,33.9,33.9,0,33.9,33.9,33.9,33.9,33.9,0,0,0,0,0,0,0,0,33.929943948014056,0.8050995174256306,-0.2562418958905115,0,0,0,0
2025-05-01,6380569,2025,5,1,3,2,0,1,1,0,0,0,0,0,0,80.14285714285714,4.206409104095845,76.5,85.0,0,85.0,76.5,85.0,85.0,85.0,0,0,0,0,0,0,0,0,75.36745113412216,4.356637661084424,0.1570543124787771,0,0,0,0
2025-05-01,6380571,2025,5,1,3,2,0,1,1,0,0,0,0,0,0,78.92857142857143,3.8399085873473178,76.5,85.0,0,85.0,76.5,85.0,85.0,85.0,0,0,0,0,0,0,0,0,79.45721606945068,2.557298976783388,0.234033046426427,0,0,0,0
2025-05-01,6380589,2025,5,1,3,2,0,1,1,0,0,0,0,0,0,77.71428571428571,2.974380401951002,76.5,85.0,0,76.5,76.5,85.0,85.0,85.0,0,0,0,0,0,0,0,0,75.2877236521369,4.213261842250484,0.0854084425618228,0,0,0,0
2025-05-01,6864556,2025,5,1,3,2,0,1,1,0,0,0,0,0,0,99.89999999999999,1.4210854715202004e-14,99.9,99.9,0,99.9,99.9,99.9,99.9,99.9,0,0,0,0,0,0,0,0,91.72122513665332,-1.9487799576928784,-0.5997202015565729,0,0,0,0
2025-05-01,6930866,2025,5,1,3,2,0,1,1,0,0,0,0,0,0,81.89999999999999,1.4210854715202004e-14,81.9,81.9,0,81.9,81.9,81.9,81.9,81.9,0,0,0,0,0,0,0,0,97.3138452026134,5.555619513839183,0.4211215056861189,0,0,0,0
2025-05-01,7434016,2025,5,1,3,2,0,1,1,0,0,0,0,0,0,37.042857142857144,4.5175395145262565,29.9,39.9,0,39.9,29.9,39.9,39.9,39.9,0,0,0,0,0,0,0,0,38.77256068152575,2.0227120156798333,-0.6767945479990742,0,0,0,0
2025-05-01,7648521,2025,5,1,3,2,0,1,1,0,0,0,0,0,0,22.042857142857144,1.355261854357877,19.9,22.9,0,22.9,19.9,22.9,22.9,22.9,0,0,0,0,0,0,0,0,23.194575612418628,-0.1428319889065717,0.1308834320401319,0,0,0,0
2025-05-01,8209916,2025,5,1,3,2,0,1,1,0,0,0,0,0,0,44.60000000000001,7.105427357601002e-15,44.6,44.6,0,44.6,44.6,44.6,44.6,44.6,0,0,0,0,0,0,0,0,45.99328512343449,3.834296801962629,-0.2592873473412969,0,0,0,0
2025-05-01,8209934,2025,5,1,3,2,0,1,1,0,0,0,0,0,0,89.17999999999999,1.4210854715202004e-14,89.18,89.18,0,89.18,89.18,89.18,89.18,89.18,0,0,0,0,0,0,0,0,82.74115351754371,10.129223677444791,-0.129145135150354,0,0,0,0
2025-05-01,8209936,2025,5,1,3,2,0,1,1,0,0,0,0,0,0,32.82,0.0,32.82,32.82,0,32.82,32.82,32.82,32.82,32.82,0,0,0,0,0,0,0,0,35.69644290068745,3.5833708628131355,-0.3772336988031668,0,0,0,0
2025-05-01,8209940,2025,5,1,3,2,0,1,1,0,0,0,0,0,0,41.0,0.0,41.0,41.0,0,41.0,41.0,41.0,41.0,41.0,0,0,0,0,0,0,0,0,48.79797418773941,0.0159224416706463,0.150677962873723,0,0,0,0
2025-05-01,8209962,2025,5,1,3,2,0,1,1,0,0,0,0,0,0,44.82999999999999,7.105427357601002e-15,44.83,44.83,0,44.83,44.83,44.83,44.83,44.83,0,0,0,0,0,0,0,0,43.37895391945475,1.0648000949651637,-0.3198628000267591,0,0,0,0
2025-05-01,8307755,2025,5,1,3,2,0,1,1,0,0,0,0,0,0,67.89999999999999,1.4210854715202004e-14,67.9,67.9,0,67.9,67.9,67.9,67.9,67.9,0,0,0,0,0,0,0,0,68.61403991792798,-0.7628193100257682,-0.7378702165559851,0,0,0,0
2025-05-01,8421837,2025,5,1,3,2,0,1,1,0,0,0,0,0,0,16.900000000000002,3.552713678800501e-15,16.9,16.9,0,16.9,16.9,16.9,16.9,16.9,0,0,0,0,0,0,0,0,17.170759837891076,0.4818933008535351,-0.1287883037603214,0,0,0,0
2025-05-01,8421845,2025,5,1,3,2,0,1,1,0,0,0,0,0,0,36.0,0.0,36.0,36.0,0,36.0,36.0,36.0,36.0,36.0,0,0,0,0,0,0,0,0,27.31163342526521,1.5436211074384272,0.1398591219844516,0,0,0,0
2025-05-01,8526452,2025,5,1,3,2,0,1,1,0,0,0,0,0,0,16.0,0.0,16.0,16.0,0,16.0,16.0,16.0,16.0,16.0,0,0,0,0,0,0,0,0,14.997912179855478,0.8794519913186336,-0.1570322274815595,0,0,0,0
2025-05-01,8545329,2025,5,1,3,2,0,1,1,0,0,0,0,0,0,10.900000000000002,1.7763568394002505e-15,10.9,10.9,0,10.9,10.9,10.9,10.9,10.9,0,0,0,0,0,0,0,0,10.963251216284602,-0.4046405625184543,-0.1456726867694824,0,0,0,0
2025-05-01,8755672,2025,5,1,3,2,0,1,1,0,0,0,0,0,0,61.285714285714285,3.2166657854850573,58.5,65.0,0,65.0,58.5,65.0,65.0,65.0,0,0,0,0,0,0,0,0,63.048826692577656,1.4854541330815851,0.1431771235742214,0,0,0,0
2025-05-01,10700890033,2025,5,1,3,2,0,1,1,0,0,0,0,0,0,47.76,0.0,47.76,47.76,0,47.76,47.76,47.76,47.76,47.76,0,0,0,0,0,0,0,0,47.720763488704,0.4270436400358525,-0.1852087702863771,0,0,0,0
2025-05-01,34294684846,2025,5,1,3,2,0,1,1,0,0,0,0,0,0,59.89999999999999,7.105427357601002e-15,59.9,59.9,0,59.9,59.9,59.9,59.9,59.9,0,0,0,0,0,0,0,0,68.76706843902663,-3.233453140276188,-0.4817276999292884,0,0,0,0
2025-05-01,66148160288,2025,5,1,3,2,0,1,1,0,0,0,0,0,0,77.88,0.0,77.88,77.88,0,77.88,77.88,77.88,77.88,77.88,0,0,0,0,0,0,0,0,77.94686321270262,0.0416430175632375,-0.1045606738998765,0,0,0,0
2025-05-01,69306580356,2025,5,1,3,2,0,1,1,0,0,0,0,0,0,55.25,4.330127018922194,50.25,59.0,0,59.0,50.25,59.0,59.0,59.0,0,0,0,0,0,0,0,0,73.66399043196955,-14.090340771323048,-2.135775417802221,0,0,0,0
2025-05-01,69487371426,2025,5,1,3,2,0,1,1,0,0,0,0,0,0,130.79999999999998,2.842170943040401e-14,130.8,130.8,0,130.8,130.8,130.8,130.8,130.8,0,0,0,0,0,0,0,0,131.12079956707913,0.3698387922225243,-0.3044291974716502,0,0,0,0
2025-05-01,100000318251,2025,5,1,3,2,0,1,1,0,0,0,0,0,0,61.191428571428574,5.8637662898550795,51.92000000000001,64.9,0,64.9,51.92000000000001,64.9,64.9,64.9,0,0,0,0,0,0,0,0,78.18585344622139,-0.6799729745119607,0.5923399870909315,0,0,0,0
2025-05-01,100000671417,2025,5,1,3,2,0,1,1,0,0,0,0,0,0,99.89999999999999,1.4210854715202004e-14,99.9,99.9,0,99.9,99.9,99.9,99.9,99.9,0,0,0,0,0,0,0,0,86.7400728130416,0.6645654270580096,0.937688689300776,0,0,0,0
2025-05-01,100000671427,2025,5,1,3,2,0,1,1,0,0,0,0,0,0,89.89999999999999,1.4210854715202004e-14,89.9,89.9,0,89.9,89.9,89.9,89.9,89.9,0,0,0,0,0,0,0,0,88.50034688834629,-9.89909157821132,-2.2330456222092243,0,0,0,0
2025-05-01,100001202539,2025,5,1,3,2,0,1,1,0,0,0,0,0,0,49.88,0.0,49.88,49.88,0,49.88,49.88,49.88,49.88,49.88,0,0,0,0,0,0,0,0,34.43040742296237,3.508998009403767,0.0262378720073953,0,0,0,0
2025-05-01,100002323621,2025,5,1,3,2,0,1,1,0,0,0,0,0,0,9.464271428571427,0.728861959719761,7.929900000000001,9.9,0,9.9,9.9,9.9,9.9,9.9,0,0,0,0,0,0,0,0,9.259884452097031,-0.2085978758281837,0.0776199539604989,0,0,0,0
2025-05-01,100002727342,2025,5,1,3,2,0,1,1,0,0,0,0,0,0,42.74285714285714,3.4108470430408353,37.3,44.9,0,44.9,44.9,44.9,44.9,44.9,0,0,0,0,0,0,0,0,41.57653808051829,-1.539280979370328,0.2888350466495413,0,0,0,0
2025-05-01,100003034205,2025,5,1,3,2,0,1,1,0,0,0,0,0,0,47.84285714285714,13.087273768584412,42.5,79.9,0,79.9,42.5,42.5,42.5,42.5,0,0,0,0,0,0,0,0,62.919701653411884,-8.120526624038098,-0.9594537137675778,0,0,0,0
2025-05-01,100005270502,2025,5,1,3,2,0,1,1,0,0,0,0,0,0,64.89999999999999,1.4210854715202004e-14,64.9,64.9,0,64.9,64.9,64.9,64.9,64.9,0,0,0,0,0,0,0,0,61.52761110323394,-1.6031504741126272,-1.041074350882362,0,0,0,0
2025-05-01,100005873819,2025,5,1,3,2,0,1,1,0,0,0,0,0,0,87.0,3.1622776601683795,82.0,89.0,0,82.0,89.0,89.0,89.0,89.0,0,0,0,0,0,0,0,0,98.9410779639356,-19.569983824364297,-2.366589556635738,0,0,0,0
2025-05-01,100006043908,2025,5,1,3,2,0,1,1,0,0,0,0,0,0,88.75714285714285,0.3499271061118826,87.9,88.9,0,87.9,88.9,88.9,88.9,88.9,0,0,0,0,0,0,0,0,100.44267623446906,14.879908465822645,-0.0014881819803381,0,0,0,0
2025-05-01,100006938017,2025,5,1,3,2,0,1,1,0,0,0,0,0,0,64.89999999999999,1.4210854715202004e-14,64.9,64.9,0,64.9,64.9,64.9,64.9,64.9,0,0,0,0,0,0,0,0,72.22134585912775,-7.34600599856314,0.1004369918255153,0,0,0,0
2025-05-01,100007147103,2025,5,1,3,2,0,1,1,0,0,0,0,0,0,68.27857142857142,0.4562714909671542,67.99,69.0,0,69.0,67.99,67.99,67.99,67.99,0,0,0,0,0,0,0,0,92.58983109105203,-23.607676511483508,-1.7256705129908108,0,0,0,0
2025-05-01,100007178233,2025,5,1,3,2,0,1,1,0,0,0,0,0,0,39.33,0.9012491331479869,37.905,39.9,0,39.9,37.905,39.9,39.9,39.9,0,0,0,0,0,0,0,0,48.6846793875128,-8.8013876587941,0.9354649295925276,0,0,0,0
2025-05-01,100007310036,2025,5,1,3,2,0,1,1,0,0,0,0,0,0,88.46857142857142,1.0567798604578889,85.88,88.9,0,88.9,88.9,85.88,85.88,85.88,0,0,0,0,0,0,0,0,96.87782414533132,8.926742588703684,-0.2891925079987514,0,0,0,0
2025-05-01,100008366733,2025,5,1,3,2,0,1,1,0,0,0,0,0,0,24.900000000000002,3.552713678800501e-15,24.9,24.9,0,24.9,24.9,24.9,24.9,24.9,0,0,0,0,0,0,0,0,39.00600799249848,-3.924604521394392,1.0092242263197506,0,0,0,0
2025-05-01,100008366749,2025,5,1,3,2,0,1,1,0,0,0,0,0,0,79.89999999999999,1.4210854715202004e-14,79.9,79.9,0,79.9,79.9,79.9,79.9,79.9,0,0,0,0,0,0,0,0,81.50119021653838,-5.645476246276938,-0.9890008567052498,0,0,0,0
2025-05-01,100008766160,2025,5,1,3,2,0,1,1,0,0,0,0,0,0,69.89999999999999,1.4210854715202004e-14,69.9,69.9,0,69.9,69.9,69.9,69.9,69.9,0,0,0,0,0,0,0,0,84.15269662547936,-1.942372093615601,-0.1531976733363882,0,0,0,0
2025-05-01,100008817605,2025,5,1,3,2,0,1,1,0,0,0,0,0,0,39.58571428571429,0.49692934659788884,38.8,39.9,0,38.8,39.9,39.9,39.9,39.9,0,0,0,0,0,0,0,0,48.70702655812809,1.2385966908616708,-0.0526610031163668,0,0,0,0
2025-05-01,100008959723,2025,5,1,3,2,0,1,1,0,0,0,0,0,0,49.89999999999999,7.105427357601002e-15,49.9,49.9,0,49.9,49.9,49.9,49.9,49.9,0,0,0,0,0,0,0,0,54.70919345204938,3.67798292712614,0.030432367552045,0,0,0,0
2025-05-01,100009388168,2025,5,1,3,2,0,1,1,0,0,0,0,0,0,39.9,0.0,39.9,39.9,0,39.9,39.9,39.9,39.9,39.9,0,0,0,0,0,0,0,0,52.68664142028038,-5.103814218436691,-1.7676701882867991,0,0,0,0
2025-05-01,100009897581,2025,5,1,3,2,0,1,1,0,0,0,0,0,0,20.900000000000002,3.552713678800501e-15,20.9,20.9,0,20.9,20.9,20.9,20.9,20.9,0,0,0,0,0,0,0,0,23.14600167306547,-3.0973019499689878,0.0974207521155377,0,0,0,0
2025-05-01,100010234342,2025,5,1,3,2,0,1,1,0,0,0,0,0,0,29.88571428571429,0.034992710611187514,29.8,29.9,0,29.8,29.9,29.9,29.9,29.9,0,0,0,0,0,0,0,0,29.947200697216328,-0.0500648372070319,-0.1043165570770479,0,0,0,0
2025-05-01,100010577141,2025,5,1,3,2,0,1,1,0,0,0,0,0,0,87.87142857142858,0.41991252733426,87.7,88.9,0,87.7,87.7,88.9,88.9,88.9,0,0,0,0,0,0,0,0,89.4198054589266,7.323704919394739,-0.8187817844364873,0,0,0,0
2025-05-01,100010797166,2025,5,1,3,2,0,1,1,0,0,0,0,0,0,30.042857142857144,2.9364006844420665,25.4,31.9,0,31.9,25.4,31.9,31.9,31.9,0,0,0,0,0,0,0,0,32.55278496024413,0.1879138490993013,-0.0177753776831797,0,0,0,0
2025-05-01,100011423920,2025,5,1,3,2,0,1,1,0,0,0,0,0,0,33.0768,1.2815730334241595,29.9376,33.6,0,33.6,33.6,33.6,33.6,33.6,0,0,0,0,0,0,0,0,42.341902392055765,-3.971774726675025,0.1303306423596225,0,0,0,0
2025-05-01,100011433086,2025,5,1,3,2,0,1,1,0,0,0,0,0,0,98.89999999999999,1.4210854715202004e-14,98.9,98.9,0,98.9,98.9,98.9,98.9,98.9,0,0,0,0,0,0,0,0,108.99839604146273,-7.871429044642197,1.7275697618916128,0,0,0,0
2025-05-01,100011698820,2025,5,1,3,2,0,1,1,0,0,0,0,0,0,33.41571428571429,1.1862528897192808,30.51,33.9,0,33.9,33.9,33.9,33.9,33.9,0,0,0,0,0,0,0,0,40.90043648042812,-2.6631146700269146,1.3525022200757602,0,0,0,0
2025-05-01,100011881946,2025,5,1,3,2,0,1,1,0,0,0,0,0,0,31.900000000000002,3.552713678800501e-15,31.9,31.9,0,31.9,31.9,31.9,31.9,31.9,0,0,0,0,0,0,0,0,32.452756828820284,-1.6922510398161792,0.0586231697402078,0,0,0,0
2025-05-01,100012242858,2025,5,1,3,2,0,1,1,0,0,0,0,0,0,60.89999999999999,7.105427357601002e-15,60.9,60.9,0,60.9,60.9,60.9,60.9,60.9,0,0,0,0,0,0,0,0,46.25329879447986,-7.226177782110093,2.636996114810959,0,0,0,0
2025-05-01,100012797322,2025,5,1,3,2,0,1,1,0,0,0,0,0,0,123.47142857142856,2.2587697572631282,119.9,124.9,0,124.9,119.9,124.9,124.9,124.9,0,0,0,0,0,0,0,0,141.76858507969473,1.9767143555299305,0.0011427671938016,0,0,0,0
2025-05-01,100012797340,2025,5,1,3,2,0,1,1,0,0,0,0,0,0,63.0,0.0,63.0,63.0,0,63.0,63.0,63.0,63.0,63.0,0,0,0,0,0,0,0,0,84.92721276379676,-2.149293264352805,-0.3463885184405654,0,0,0,0
2025-05-01,100012808554,2025,5,1,3,2,0,1,1,0,0,0,0,0,0,75.42428571428572,1.5291814537089286,74.8,79.17,0,74.8,74.8,79.17,79.17,79.17,0,0,0,0,0,0,0,0,77.98447397133609,-0.480784595829754,-1.0523367691878756,0,0,0,0
2025-05-01,100014256784,2025,5,1,3,2,0,1,1,0,0,0,0,0,0,41.9,0.0,41.9,41.9,0,41.9,41.9,41.9,41.9,41.9,0,0,0,0,0,0,0,0,54.11770084286887,0.9974474346261756,-0.3317786842671125,0,0,0,0
2025-05-01,100014962868,2025,5,1,3,2,0,1,1,0,0,0,0,0,0,9.9,0.0,9.9,9.9,0,9.9,9.9,9.9,9.9,9.9,0,0,0,0,0,0,0,0,10.129845927397747,-0.0955437567478049,-0.0278647346102902,0,0,0,0
2025-05-01,100015189638,2025,5,1,3,2,0,1,1,0,0,0,0,0,0,49.89999999999999,7.105427357601002e-15,49.9,49.9,0,49.9,49.9,49.9,49.9,49.9,0,0,0,0,0,0,0,0,64.57276020366386,-0.1981221035657253,0.4250980073543234,0,0,0,0
2025-05-01,100015344592,2025,5,1,3,2,0,1,1,0,0,0,0,0,0,99.77142857142857,0.31493439550069624,99.0,99.9,0,99.9,99.9,99.0,99.0,99.0,0,0,0,0,0,0,0,0,96.20721893632069,1.1881752246299502,1.2794730783333128,0,0,0,0
2025-05-01,100015645334,2025,5,1,3,2,0,1,1,0,0,0,0,0,0,39.9,0.0,39.9,39.9,0,39.9,39.9,39.9,39.9,39.9,0,0,0,0,0,0,0,0,49.3795889668844,1.6684571858263195,-0.6361547029375932,0,0,0,0
2025-05-01,100017084069,2025,5,1,3,2,0,1,1,0,0,0,0,0,0,29.300000000000004,0.6928203230275503,28.5,29.9,0,29.9,28.5,29.9,29.9,29.9,0,0,0,0,0,0,0,0,28.59540806673103,0.6149412013239351,0.1718384173162223,0,0,0,0
2025-05-01,100018704177,2025,5,1,3,2,0,1,1,0,0,0,0,0,0,25.371428571428574,1.049781318335648,22.8,25.8,0,22.8,25.8,25.8,25.8,25.8,0,0,0,0,0,0,0,0,38.76571394223007,4.546376806382066,1.7265900708331794,0,0,0,0
2025-05-01,100018842722,2025,5,1,3,2,0,1,1,0,0,0,0,0,0,99.79999999999998,1.4210854715202004e-14,99.8,99.8,0,99.8,99.8,99.8,99.8,99.8,0,0,0,0,0,0,0,0,96.21830174675524,1.83945754627376,1.4114089878018683,0,0,0,0
2025-05-01,100018973436,2025,5,1,3,2,0,1,1,0,0,0,0,0,0,20.900000000000002,3.552713678800501e-15,20.9,20.9,0,20.9,20.9,20.9,20.9,20.9,0,0,0,0,0,0,0,0,20.46391523556461,-0.8497726354897427,-0.09704324764028,0,0,0,0
2025-05-01,100019498134,2025,5,1,3,2,0,1,1,0,0,0,0,0,0,59.89999999999999,7.105427357601002e-15,59.9,59.9,0,59.9,59.9,59.9,59.9,59.9,0,0,0,0,0,0,0,0,50.57514537731405,8.900542384958598,0.6229377466092126,0,0,0,0
2025-05-01,100019787561,2025,5,1,3,2,0,1,1,0,0,0,0,0,0,26.5,0.0,26.5,26.5,0,26.5,26.5,26.5,26.5,26.5,0,0,0,0,0,0,0,0,32.87770936022152,-1.5413792418868255,0.520168226396603,0,0,0,0
2025-05-01,100020638562,2025,5,1,3,2,0,1,1,0,0,0,0,0,0,79.89999999999999,1.4210854715202004e-14,79.9,79.9,0,79.9,79.9,79.9,79.9,79.9,0,0,0,0,0,0,0,0,83.08582840260834,-3.250927344430556,1.675382011413663,0,0,0,0
2025-05-01,100023527711,2025,5,1,3,2,0,1,1,0,0,0,0,0,0,59.699999999999996,7.105427357601002e-15,59.7,59.7,0,59.7,59.7,59.7,59.7,59.7,0,0,0,0,0,0,0,0,60.2127512122602,-5.678407156656919,-1.5684295404267992,0,0,0,0
2025-05-01,100023527729,2025,5,1,3,2,0,1,1,0,0,0,0,0,0,49.89999999999999,7.105427357601002e-15,49.9,49.9,0,49.9,49.9,49.9,49.9,49.9,0,0,0,0,0,0,0,0,47.565522619346304,-3.91187034089432,-0.2282482781113395,0,0,0,0
2025-05-01,100024848970,2025,5,1,3,2,0,1,1,0,0,0,0,0,0,89.89999999999999,1.4210854715202004e-14,89.9,89.9,0,89.9,89.9,89.9,89.9,89.9,0,0,0,0,0,0,0,0,87.42742942486645,3.640851386979929,0.179114779235227,0,0,0,0
2025-05-01,100024851621,2025,5,1,3,2,0,1,1,0,0,0,0,0,0,52.547142857142845,3.7201937902123716,46.665,54.9,0,54.9,46.665,54.9,54.9,54.9,0,0,0,0,0,0,0,0,76.13810989693772,5.126301513958053,-0.0146131082734965,0,0,0,0
2025-05-01,100024851705,2025,5,1,3,2,0,1,1,0,0,0,0,0,0,27.042857142857144,4.5175395145262565,19.9,29.9,0,29.9,19.9,29.9,29.9,29.9,0,0,0,0,0,0,0,0,44.31528013475464,-0.8929382961920714,1.3266869231902558,0,0,0,0
2025-05-01,100024851809,2025,5,1,3,2,0,1,1,0,0,0,0,0,0,40.90571428571429,6.315520241307705,30.92,44.9,0,44.9,30.92,44.9,44.9,44.9,0,0,0,0,0,0,0,0,46.67539693871021,2.951640763785547,-0.2748751190665141,0,0,0,0
2025-05-01,100024864852,2025,5,1,3,2,0,1,1,0,0,0,0,0,0,28.32857142857143,8.398250546685182,24.9,48.9,0,48.9,24.9,24.9,24.9,24.9,0,0,0,0,0,0,0,0,73.55110894738807,3.4705195497589347,2.7313799130399645,0,0,0,0
2025-05-01,100025429398,2025,5,1,3,2,0,1,1,0,0,0,0,0,0,37.9,0.0,37.9,37.9,0,37.9,37.9,37.9,37.9,37.9,0,0,0,0,0,0,0,0,101.87431947808705,-9.543075767093498,-0.7217207121709462,0,0,0,0
2025-05-01,100025429436,2025,5,1,3,2,0,1,1,0,0,0,0,0,0,79.89999999999999,1.4210854715202004e-14,79.9,79.9,0,79.9,79.9,79.9,79.9,79.9,0,0,0,0,0,0,0,0,103.31108339678148,-39.5177254365592,-2.1141206065411886,0,0,0,0
2025-05-01,100025429956,2025,5,1,3,2,0,1,1,0,0,0,0,0,0,23.47142857142857,2.2587697572631282,19.9,24.9,0,19.9,24.9,24.9,24.9,24.9,0,0,0,0,0,0,0,0,46.76132440031291,-3.0692228930285537,-1.2708229153048598,0,0,0,0
2025-05-01,100026719206,2025,5,1,3,2,0,1,1,0,0,0,0,0,0,31.900000000000002,3.552713678800501e-15,31.9,31.9,0,31.9,31.9,31.9,31.9,31.9,0,0,0,0,0,0,0,0,29.691382549952674,-1.616444966324709,-0.62113165200044,0,0,0,0
2025-05-01,100028415103,2025,5,1,3,2,0,1,1,0,0,0,0,0,0,26.131428571428575,1.215218129407562,24.21,26.9,0,26.9,24.21,26.9,26.9,26.9,0,0,0,0,0,0,0,0,75.00646788218984,-5.899646838672228,-0.409113921233967,0,0,0,0
2025-05-01,100029374348,2025,5,1,3,2,0,1,1,0,0,0,0,0,0,87.85714285714286,1.8070158058105026,85.0,89.0,0,85.0,89.0,89.0,89.0,89.0,0,0,0,0,0,0,0,0,102.63818690070464,-14.236811909586375,-3.729774835850077,0,0,0,0
2025-05-01,100030771718,2025,5,1,3,2,0,1,1,0,0,0,0,0,0,79.89999999999999,1.4210854715202004e-14,79.9,79.9,0,79.9,79.9,79.9,79.9,79.9,0,0,0,0,0,0,0,0,74.42392280705052,-4.718497649683685,1.4027673912624392,0,0,0,0
2025-05-01,100030771720,2025,5,1,3,2,0,1,1,0,0,0,0,0,0,59.89999999999999,7.105427357601002e-15,59.9,59.9,0,59.9,59.9,59.9,59.9,59.9,0,0,0,0,0,0,0,0,63.2635642995597,-2.7699710575940584,-2.252364922267528,0,0,0,0
2025-05-01,100032140543,2025,5,1,3,2,0,1,1,0,0,0,0,0,0,23.582834285714288,1.932989327934897,19.85984,24.8,0,24.8,24.8,24.8,24.8,24.8,0,0,0,0,0,0,0,0,25.285920889255017,-0.9841810742743552,-0.0277871522256627,0,0,0,0
2025-05-01,100033194536,2025,5,1,3,2,0,1,1,0,0,0,0,0,0,29.900000000000002,3.552713678800501e-15,29.9,29.9,0,29.9,29.9,29.9,29.9,29.9,0,0,0,0,0,0,0,0,35.59161978810227,4.379356908581881,1.602323644852595,0,0,0,0
2025-05-01,100033194540,2025,5,1,3,2,0,1,1,0,0,0,0,0,0,22.800000000000004,3.552713678800501e-15,22.8,22.8,0,22.8,22.8,22.8,22.8,22.8,0,0,0,0,0,0,0,0,33.32931670384018,-3.5096841868229984,0.5844232787430751,0,0,0,0
2025-05-01,100033194582,2025,5,1,3,2,0,1,1,0,0,0,0,0,0,25.800000000000004,3.552713678800501e-15,25.8,25.8,0,25.8,25.8,25.8,25.8,25.8,0,0,0,0,0,0,0,0,38.506687756059016,0.2946915539543774,1.886878663751786,0,0,0,0
2025-05-01,100033194590,2025,5,1,3,2,0,1,1,0,0,0,0,0,0,29.900000000000002,3.552713678800501e-15,29.9,29.9,0,29.9,29.9,29.9,29.9,29.9,0,0,0,0,0,0,0,0,38.96503993585012,1.883046646020648,0.4935812422573543,0,0,0,0
2025-05-01,100033331822,2025,5,1,3,2,0,1,1,0,0,0,0,0,0,33.06952380952381,2.9027936344758887,28.076666666666664,34.9,0,34.9,34.9,34.9,34.9,34.9,0,0,0,0,0,0,0,0,32.25754195536669,-0.8820979325326415,-0.3269851954121531,0,0,0,0
2025-05-01,100033331842,2025,5,1,3,2,0,1,1,0,0,0,0,0,0,23.58709142857143,1.960906383395398,19.78964,24.8,0,24.8,24.8,24.8,24.8,24.8,0,0,0,0,0,0,0,0,25.31738080249404,-2.5979926429516715,0.457472177141658,0,0,0,0
2025-05-01,100034243272,2025,5,1,3,2,0,1,1,0,0,0,0,0,0,49.89999999999999,7.105427357601002e-15,49.9,49.9,0,49.9,49.9,49.9,49.9,49.9,0,0,0,0,0,0,0,0,73.17468451565145,-7.2950737956669265,-0.8956395615740249,0,0,0,0
2025-05-01,100034533525,2025,5,1,3,2,0,1,1,0,0,0,0,0,0,89.18571428571428,12.371791482634837,74.9,99.9,0,74.9,99.9,74.9,74.9,74.9,0,0,0,0,0,0,0,0,85.25869044014433,28.792275313986814,1.1526226641863722,0,0,0,0
2025-05-01,100035403264,2025,5,1,3,2,0,1,1,0,0,0,0,0,0,3.8000000000000003,4.440892098500626e-16,3.8,3.8,0,3.8,3.8,3.8,3.8,3.8,0,0,0,0,0,0,0,0,3.789742068497575,0.029901767936994,-0.0192050305044387,0,0,0,0
2025-05-01,100035494430,2025,5,1,3,2,0,1,1,0,0,0,0,0,0,49.89999999999999,7.105427357601002e-15,49.9,49.9,0,49.9,49.9,49.9,49.9,49.9,0,0,0,0,0,0,0,0,69.91783012110324,-10.254157224484524,0.8164605759055708,0,0,0,0
2025-05-01,100035733016,2025,5,1,3,2,0,1,1,0,0,0,0,0,0,9.9,0.0,9.9,9.9,0,9.9,9.9,9.9,9.9,9.9,0,0,0,0,0,0,0,0,10.277787011221385,0.9376608343729832,-0.3721139999994298,0,0,0,0
2025-05-01,100035921329,2025,5,1,3,2,0,1,1,0,0,0,0,0,0,89.89999999999999,1.4210854715202004e-14,89.9,89.9,0,89.9,89.9,89.9,89.9,89.9,0,0,0,0,0,0,0,0,86.32930056110212,2.525662782856106,-0.523648442314993,0,0,0,0
2025-05-01,100035921331,2025,5,1,3,2,0,1,1,0,0,0,0,0,0,59.89999999999999,7.105427357601002e-15,59.9,59.9,0,59.9,59.9,59.9,59.9,59.9,0,0,0,0,0,0,0,0,81.6101514477034,-1.65202790848241,0.3932403499918022,0,0,0,0
2025-05-01,100036378791,2025,5,1,3,2,0,1,1,0,0,0,0,0,0,89.67142857142858,0.36140316116210564,89.1,89.9,0,89.1,89.9,89.9,89.9,89.9,0,0,0,0,0,0,0,0,86.70125041343462,-0.0703044108291005,0.0211349285127522,0,0,0,0
2025-05-01,100037338174,2025,5,1,3,2,0,1,1,0,0,0,0,0,0,59.89999999999999,7.105427357601002e-15,59.9,59.9,0,59.9,59.9,59.9,59.9,59.9,0,0,0,0,0,0,0,0,60.26582016990967,0.0135488189994616,-0.337351462899673,0,0,0,0
2025-05-01,100037338184,2025,5,1,3,2,0,1,1,0,0,0,0,0,0,27.300000000000004,3.552713678800501e-15,27.3,27.3,0,27.3,27.3,27.3,27.3,27.3,0,0,0,0,0,0,0,0,30.79470544189004,-1.5081840433876283,-0.2695488818805012,0,0,0,0
2025-05-01,100037438244,2025,5,1,3,2,0,1,1,0,0,0,0,0,0,129.1185714285714,9.141241207643878,114.665,134.9,0,134.9,114.665,134.9,134.9,134.9,0,0,0,0,0,0,0,0,142.14911229486256,1.133288628024726,0.2151328455275765,0,0,0,0
2025-05-01,100039034588,2025,5,1,3,2,0,1,1,0,0,0,0,0,0,61.191428571428574,5.8637662898550795,51.92000000000001,64.9,0,64.9,51.92000000000001,64.9,64.9,64.9,0,0,0,0,0,0,0,0,82.21746297500282,-4.551888373048126,-4.7474032399987385,0,0,0,0
2025-05-01,100039735595,2025,5,1,3,2,0,1,1,0,0,0,0,0,0,100.1892857142857,6.029197073154833,88.315,103.9,0,103.9,103.9,103.9,103.9,103.9,0,0,0,0,0,0,0,0,134.94495463400736,-8.790824225937891,-1.2525497320679504,0,0,0,0
2025-05-01,100040684023,2025,5,1,3,2,0,1,1,0,0,0,0,0,0,90.18571428571428,9.035079029052513,75.9,95.9,0,95.9,75.9,95.9,95.9,95.9,0,0,0,0,0,0,0,0,83.20477213382537,1.9187619166079108,-0.3721893937531957,0,0,0,0
2025-05-01,100041006407,2025,5,1,3,2,0,1,1,0,0,0,0,0,0,79.89999999999999,1.4210854715202004e-14,79.9,79.9,0,79.9,79.9,79.9,79.9,79.9,0,0,0,0,0,0,0,0,90.17683380727328,23.131175125253343,-1.129245427470635,0,0,0,0
2025-05-01,100041192960,2025,5,1,3,2,0,1,1,0,0,0,0,0,0,18.47714285714286,2.249734678234075,14.92,19.9,0,19.9,14.92,19.9,19.9,19.9,0,0,0,0,0,0,0,0,29.50678286468317,2.7387590647794524,0.3514302939946069,0,0,0,0
2025-05-01,100041650013,2025,5,1,3,2,0,1,1,0,0,0,0,0,0,60.89999999999999,7.105427357601002e-15,60.9,60.9,0,60.9,60.9,60.9,60.9,60.9,0,0,0,0,0,0,0,0,61.658189953395066,1.1799292451060563,-0.7521939145104732,0,0,0,0
2025-05-01,100045910485,2025,5,1,3,2,0,1,1,0,0,0,0,0,0,23.47142857142857,2.2587697572631282,19.9,24.9,0,24.9,19.9,24.9,24.9,24.9,0,0,0,0,0,0,0,0,47.83906211727775,2.8768766045539698,-1.242034146626317,0,0,0,0
2025-05-01,100048469601,2025,5,1,3,2,0,1,1,0,0,0,0,0,0,17.7,2.055480479109447,14.45,19.0,0,19.0,14.45,19.0,19.0,19.0,0,0,0,0,0,0,0,0,48.97234737289347,-0.2190685588756762,-2.088123175079464,0,0,0,0
2025-05-01,100050983363,2025,5,1,3,2,0,1,1,0,0,0,0,0,0,24.57680209698558,2.0921595843420673,21.26880733944954,25.9,0,25.9,21.26880733944954,25.9,25.9,25.9,0,0,0,0,0,0,0,0,37.990790313422686,-4.275724460361512,-0.0680386124522279,0,0,0,0
2025-05-01,10025765269372,2025,5,1,3,2,0,1,1,0,0,0,0,0,0,59.0,0.0,59.0,59.0,0,59.0,59.0,59.0,59.0,59.0,0,0,0,0,0,0,0,0,68.15142392005198,-7.17354639912062,1.3910144059202991,0,0,0,0
2025-05-01,10037621290748,2025,5,1,3,2,0,1,1,0,0,0,0,0,0,69.8,0.0,69.8,69.8,0,69.8,69.8,69.8,69.8,69.8,0,0,0,0,0,0,0,0,55.977041000822815,-0.7358291097265023,-0.4962568532739828,0,0,0,0
2025-05-01,10043211463452,2025,5,1,3,2,0,1,1,0,0,0,0,0,0,190.79999999999998,2.842170943040401e-14,190.8,190.8,0,190.8,190.8,190.8,190.8,190.8,0,0,0,0,0,0,0,0,191.26032711967267,0.7266864186327794,-0.4187634578974881,0,0,0,0
2025-05-01,10056315631534,2025,5,1,3,2,0,1,1,0,0,0,0,0,0,83.88,0.0,83.88,83.88,0,83.88,83.88,83.88,83.88,83.88,0,0,0,0,0,0,0,0,80.30614134513088,4.912810236926799,0.0132105775964382,0,0,0,0
2025-05-01,10061685991750,2025,5,1,3,2,0,1,1,0,0,0,0,0,0,47.88,0.0,47.88,47.88,0,47.88,47.88,47.88,47.88,47.88,0,0,0,0,0,0,0,0,48.21728043798759,-0.13443462496086,0.1625543970008735,0,0,0,0
2025-05-01,10066546386346,2025,5,1,3,2,0,1,1,0,0,0,0,0,0,118.79999999999998,1.4210854715202004e-14,118.8,118.8,0,118.8,118.8,118.8,118.8,118.8,0,0,0,0,0,0,0,0,117.60295861032128,0.8845308403266401,0.3614984159634902,0,0,0,0
